1,1000000001,1,Student,Student1
2,1000000002,2,Student,Student2
3,1000000003,3,Student,Student3
4,1000000004,4,Student,Student4
5,1000000005,5,Student,Student5
6,1000000006,6,Student,Student6
7,1000000007,7,Student,Student7
8,1000000008,8,Student,Student8
9,1000000009,9,Student,Student9
10,1000000010,10,Student,Student10
11,1000000011,11,Student,Student11
12,1000000012,12,Student,Student12
13,1000000013,13,Student,Student13
14,1000000014,14,Student,Student14
15,1000000015,15,Student,Student15
16,1000000016,16,Student,Student16
17,1000000017,17,Student,Student17
18,1000000018,18,Student,Student18
19,1000000019,19,Student,Student19
20,1000000020,20,Student,Student20
21,1000000021,21,Student,Student21
22,1000000022,22,Student,Student22
23,1000000023,23,Student,Student23
24,1000000024,24,Student,Student24
25,1000000025,25,Student,Student25
26,1000000026,26,Student,Student26
27,1000000027,27,Student,Student27
28,1000000028,28,Student,Student28
29,1000000029,29,Student,Student29
30,1000000030,30,Student,Student30
31,1000000031,31,Student,Student31
32,1000000032,32,Student,Student32
33,1000000033,33,Student,Student33
34,1000000034,34,Student,Student34
35,1000000035,35,Student,Student35
36,1000000036,36,Student,Student36
37,1000000037,37,Student,Student37
38,1000000038,38,Student,Student38
39,1000000039,39,Student,Student39
40,1000000040,40,Student,Student40
41,1000000041,41,Student,Student41
42,1000000042,42,Student,Student42
43,1000000043,43,Student,Student43
44,1000000044,44,Student,Student44
45,1000000045,45,Student,Student45
46,1000000046,46,Student,Student46
47,1000000047,47,Student,Student47
48,1000000048,48,Student,Student48
49,1000000049,49,Student,Student49
50,1000000050,50,Student,Student50
51,1000000051,51,Student,Student51
52,1000000052,test,zzzz,TestZzzz
53,1000000053,test,yyy,TestYyy
54,1000000054,test,xxx,TestXxx
